{
  "ConfigFileVersion": {
    "Major": 3,
    "Minor": 0,
    "Build": 7,
    "Revision": 2,
    "MajorRevision": 0,
    "MinorRevision": 2
  },
  "BitcoinAddress": "",
  "WorkerName": "worker1",
  "RigGroup": "",
  "AutoStartMining": false,
  "HideMiningWindows": false,
  "MinimizeMiningWindows": false,
  "MinerAPIQueryInterval": 5,
  "MinerRestartDelayMS": 500,
  "ApiBindPortPoolStart": 4000,
  "NVIDIAP0State": false,
  "PauseMiningWhenGamingMode": false,
  "StartMiningWhenIdle": false,
  "IdleCheckType": 1,
  "MinIdleSeconds": 60,
  "IdleWhenNoInternetAccess": true,
  "DebugConsole": false,
  "LogToFile": true,
  "LogMaxFileSize": 1048576,
  "ShowDriverVersionWarning": true,
  "DisableWindowsErrorReporting": true,
  "ShowInternetConnectionWarning": true,
  "MinimumProfit": 0.0,
  "MineRegardlessOfProfit": true,
  "UseIFTTT": false,
  "IFTTTKey": "",
  "Hwid": "0-Fgd8xw0EaVGjZpXlHY3rxA",
  "SwitchSmaTimeChangeSeconds": {
    "Lower": 34,
    "Upper": 55
  },
  "SwitchSmaTicksStable": {
    "Lower": 2,
    "Upper": 3
  },
  "SwitchSmaTicksUnstable": {
    "Lower": 5,
    "Upper": 13
  },
  "KwhPrice": 0.0,
  "SwitchProfitabilityThreshold": 0.02,
  "DisplayCurrency": "USD",
  "TimeUnit": 1,
  "AutoScaleBTCValues": true,
  "Language": "en",
  "MinimizeToTray": false,
  "DisplayPureProfit": false,
  "DisplayTheme": "Light",
  "ShowPowerColumns": false,
  "ShowDiagColumns": true,
  "GUIWindowsAlwaysOnTop": false,
  "MainFormSize": "800, 600",
  "AllowMultipleInstances": false,
  "CoolDownCheckEnabled": true,
  "UseSmaCache": true,
  "UseEthlargement": false,
  "RunAtStartup": false,
  "ShowNotifications": {},
  "DisableVisualCRedistributableCheck": false,
  "ResolveNiceHashDomainsToIPs": true,
  "CheckForMissingGPUs": false,
  "RestartMachineOnLostGPU": false,
  "DisableDeviceStatusMonitoring": false,
  "DisableDevicePowerModeSettings": true,
  "ShowGPUPCIeBusIDs": false,
  "AutoUpdateNiceHashMiner2": false,
  "AutoUpdateMinerPlugins": true
}